,State,Date,Covid_Cases_Cumulative,Covid_Cases,Month,Year
0,South Australia,2018-01-01,0,0.0,1,2018
1,South Australia,2018-01-02,0,0.0,1,2018
2,South Australia,2018-01-03,0,0.0,1,2018
3,South Australia,2018-01-04,0,0.0,1,2018
4,South Australia,2018-01-05,0,0.0,1,2018
5,South Australia,2018-01-06,0,0.0,1,2018
6,South Australia,2018-01-07,0,0.0,1,2018
7,South Australia,2018-01-08,0,0.0,1,2018
8,South Australia,2018-01-09,0,0.0,1,2018
9,South Australia,2018-01-10,0,0.0,1,2018
10,South Australia,2018-01-11,0,0.0,1,2018
11,South Australia,2018-01-12,0,0.0,1,2018
12,South Australia,2018-01-13,0,0.0,1,2018
13,South Australia,2018-01-14,0,0.0,1,2018
14,South Australia,2018-01-15,0,0.0,1,2018
15,South Australia,2018-01-16,0,0.0,1,2018
16,South Australia,2018-01-17,0,0.0,1,2018
17,South Australia,2018-01-18,0,0.0,1,2018
18,South Australia,2018-01-19,0,0.0,1,2018
19,South Australia,2018-01-20,0,0.0,1,2018
20,South Australia,2018-01-21,0,0.0,1,2018
21,South Australia,2018-01-22,0,0.0,1,2018
22,South Australia,2018-01-23,0,0.0,1,2018
23,South Australia,2018-01-24,0,0.0,1,2018
24,South Australia,2018-01-25,0,0.0,1,2018
25,South Australia,2018-01-26,0,0.0,1,2018
26,South Australia,2018-01-27,0,0.0,1,2018
27,South Australia,2018-01-28,0,0.0,1,2018
28,South Australia,2018-01-29,0,0.0,1,2018
29,South Australia,2018-01-30,0,0.0,1,2018
30,South Australia,2018-01-31,0,0.0,1,2018
31,South Australia,2018-02-01,0,0.0,2,2018
32,South Australia,2018-02-02,0,0.0,2,2018
33,South Australia,2018-02-03,0,0.0,2,2018
34,South Australia,2018-02-04,0,0.0,2,2018
35,South Australia,2018-02-05,0,0.0,2,2018
36,South Australia,2018-02-06,0,0.0,2,2018
37,South Australia,2018-02-07,0,0.0,2,2018
38,South Australia,2018-02-08,0,0.0,2,2018
39,South Australia,2018-02-09,0,0.0,2,2018
40,South Australia,2018-02-10,0,0.0,2,2018
41,South Australia,2018-02-11,0,0.0,2,2018
42,South Australia,2018-02-12,0,0.0,2,2018
43,South Australia,2018-02-13,0,0.0,2,2018
44,South Australia,2018-02-14,0,0.0,2,2018
45,South Australia,2018-02-15,0,0.0,2,2018
46,South Australia,2018-02-16,0,0.0,2,2018
47,South Australia,2018-02-17,0,0.0,2,2018
48,South Australia,2018-02-18,0,0.0,2,2018
49,South Australia,2018-02-19,0,0.0,2,2018
50,South Australia,2018-02-20,0,0.0,2,2018
51,South Australia,2018-02-21,0,0.0,2,2018
52,South Australia,2018-02-22,0,0.0,2,2018
53,South Australia,2018-02-23,0,0.0,2,2018
54,South Australia,2018-02-24,0,0.0,2,2018
55,South Australia,2018-02-25,0,0.0,2,2018
56,South Australia,2018-02-26,0,0.0,2,2018
57,South Australia,2018-02-27,0,0.0,2,2018
58,South Australia,2018-02-28,0,0.0,2,2018
59,South Australia,2018-03-01,0,0.0,3,2018
60,South Australia,2018-03-02,0,0.0,3,2018
61,South Australia,2018-03-03,0,0.0,3,2018
62,South Australia,2018-03-04,0,0.0,3,2018
63,South Australia,2018-03-05,0,0.0,3,2018
64,South Australia,2018-03-06,0,0.0,3,2018
65,South Australia,2018-03-07,0,0.0,3,2018
66,South Australia,2018-03-08,0,0.0,3,2018
67,South Australia,2018-03-09,0,0.0,3,2018
68,South Australia,2018-03-10,0,0.0,3,2018
69,South Australia,2018-03-11,0,0.0,3,2018
70,South Australia,2018-03-12,0,0.0,3,2018
71,South Australia,2018-03-13,0,0.0,3,2018
72,South Australia,2018-03-14,0,0.0,3,2018
73,South Australia,2018-03-15,0,0.0,3,2018
74,South Australia,2018-03-16,0,0.0,3,2018
75,South Australia,2018-03-17,0,0.0,3,2018
76,South Australia,2018-03-18,0,0.0,3,2018
77,South Australia,2018-03-19,0,0.0,3,2018
78,South Australia,2018-03-20,0,0.0,3,2018
79,South Australia,2018-03-21,0,0.0,3,2018
80,South Australia,2018-03-22,0,0.0,3,2018
81,South Australia,2018-03-23,0,0.0,3,2018
82,South Australia,2018-03-24,0,0.0,3,2018
83,South Australia,2018-03-25,0,0.0,3,2018
84,South Australia,2018-03-26,0,0.0,3,2018
85,South Australia,2018-03-27,0,0.0,3,2018
86,South Australia,2018-03-28,0,0.0,3,2018
87,South Australia,2018-03-29,0,0.0,3,2018
88,South Australia,2018-03-30,0,0.0,3,2018
89,South Australia,2018-03-31,0,0.0,3,2018
90,South Australia,2018-04-01,0,0.0,4,2018
91,South Australia,2018-04-02,0,0.0,4,2018
92,South Australia,2018-04-03,0,0.0,4,2018
93,South Australia,2018-04-04,0,0.0,4,2018
94,South Australia,2018-04-05,0,0.0,4,2018
95,South Australia,2018-04-06,0,0.0,4,2018
96,South Australia,2018-04-07,0,0.0,4,2018
97,South Australia,2018-04-08,0,0.0,4,2018
98,South Australia,2018-04-09,0,0.0,4,2018
99,South Australia,2018-04-10,0,0.0,4,2018
100,South Australia,2018-04-11,0,0.0,4,2018
101,South Australia,2018-04-12,0,0.0,4,2018
102,South Australia,2018-04-13,0,0.0,4,2018
103,South Australia,2018-04-14,0,0.0,4,2018
104,South Australia,2018-04-15,0,0.0,4,2018
105,South Australia,2018-04-16,0,0.0,4,2018
106,South Australia,2018-04-17,0,0.0,4,2018
107,South Australia,2018-04-18,0,0.0,4,2018
108,South Australia,2018-04-19,0,0.0,4,2018
109,South Australia,2018-04-20,0,0.0,4,2018
110,South Australia,2018-04-21,0,0.0,4,2018
111,South Australia,2018-04-22,0,0.0,4,2018
112,South Australia,2018-04-23,0,0.0,4,2018
113,South Australia,2018-04-24,0,0.0,4,2018
114,South Australia,2018-04-25,0,0.0,4,2018
115,South Australia,2018-04-26,0,0.0,4,2018
116,South Australia,2018-04-27,0,0.0,4,2018
117,South Australia,2018-04-28,0,0.0,4,2018
118,South Australia,2018-04-29,0,0.0,4,2018
119,South Australia,2018-04-30,0,0.0,4,2018
120,South Australia,2018-05-01,0,0.0,5,2018
121,South Australia,2018-05-02,0,0.0,5,2018
122,South Australia,2018-05-03,0,0.0,5,2018
123,South Australia,2018-05-04,0,0.0,5,2018
124,South Australia,2018-05-05,0,0.0,5,2018
125,South Australia,2018-05-06,0,0.0,5,2018
126,South Australia,2018-05-07,0,0.0,5,2018
127,South Australia,2018-05-08,0,0.0,5,2018
128,South Australia,2018-05-09,0,0.0,5,2018
129,South Australia,2018-05-10,0,0.0,5,2018
130,South Australia,2018-05-11,0,0.0,5,2018
131,South Australia,2018-05-12,0,0.0,5,2018
132,South Australia,2018-05-13,0,0.0,5,2018
133,South Australia,2018-05-14,0,0.0,5,2018
134,South Australia,2018-05-15,0,0.0,5,2018
135,South Australia,2018-05-16,0,0.0,5,2018
136,South Australia,2018-05-17,0,0.0,5,2018
137,South Australia,2018-05-18,0,0.0,5,2018
138,South Australia,2018-05-19,0,0.0,5,2018
139,South Australia,2018-05-20,0,0.0,5,2018
140,South Australia,2018-05-21,0,0.0,5,2018
141,South Australia,2018-05-22,0,0.0,5,2018
142,South Australia,2018-05-23,0,0.0,5,2018
143,South Australia,2018-05-24,0,0.0,5,2018
144,South Australia,2018-05-25,0,0.0,5,2018
145,South Australia,2018-05-26,0,0.0,5,2018
146,South Australia,2018-05-27,0,0.0,5,2018
147,South Australia,2018-05-28,0,0.0,5,2018
148,South Australia,2018-05-29,0,0.0,5,2018
149,South Australia,2018-05-30,0,0.0,5,2018
150,South Australia,2018-05-31,0,0.0,5,2018
151,South Australia,2018-06-01,0,0.0,6,2018
152,South Australia,2018-06-02,0,0.0,6,2018
153,South Australia,2018-06-03,0,0.0,6,2018
154,South Australia,2018-06-04,0,0.0,6,2018
155,South Australia,2018-06-05,0,0.0,6,2018
156,South Australia,2018-06-06,0,0.0,6,2018
157,South Australia,2018-06-07,0,0.0,6,2018
158,South Australia,2018-06-08,0,0.0,6,2018
159,South Australia,2018-06-09,0,0.0,6,2018
160,South Australia,2018-06-10,0,0.0,6,2018
161,South Australia,2018-06-11,0,0.0,6,2018
162,South Australia,2018-06-12,0,0.0,6,2018
163,South Australia,2018-06-13,0,0.0,6,2018
164,South Australia,2018-06-14,0,0.0,6,2018
165,South Australia,2018-06-15,0,0.0,6,2018
166,South Australia,2018-06-16,0,0.0,6,2018
167,South Australia,2018-06-17,0,0.0,6,2018
168,South Australia,2018-06-18,0,0.0,6,2018
169,South Australia,2018-06-19,0,0.0,6,2018
170,South Australia,2018-06-20,0,0.0,6,2018
171,South Australia,2018-06-21,0,0.0,6,2018
172,South Australia,2018-06-22,0,0.0,6,2018
173,South Australia,2018-06-23,0,0.0,6,2018
174,South Australia,2018-06-24,0,0.0,6,2018
175,South Australia,2018-06-25,0,0.0,6,2018
176,South Australia,2018-06-26,0,0.0,6,2018
177,South Australia,2018-06-27,0,0.0,6,2018
178,South Australia,2018-06-28,0,0.0,6,2018
179,South Australia,2018-06-29,0,0.0,6,2018
180,South Australia,2018-06-30,0,0.0,6,2018
181,South Australia,2018-07-01,0,0.0,7,2018
182,South Australia,2018-07-02,0,0.0,7,2018
183,South Australia,2018-07-03,0,0.0,7,2018
184,South Australia,2018-07-04,0,0.0,7,2018
185,South Australia,2018-07-05,0,0.0,7,2018
186,South Australia,2018-07-06,0,0.0,7,2018
187,South Australia,2018-07-07,0,0.0,7,2018
188,South Australia,2018-07-08,0,0.0,7,2018
189,South Australia,2018-07-09,0,0.0,7,2018
190,South Australia,2018-07-10,0,0.0,7,2018
191,South Australia,2018-07-11,0,0.0,7,2018
192,South Australia,2018-07-12,0,0.0,7,2018
193,South Australia,2018-07-13,0,0.0,7,2018
194,South Australia,2018-07-14,0,0.0,7,2018
195,South Australia,2018-07-15,0,0.0,7,2018
196,South Australia,2018-07-16,0,0.0,7,2018
197,South Australia,2018-07-17,0,0.0,7,2018
198,South Australia,2018-07-18,0,0.0,7,2018
199,South Australia,2018-07-19,0,0.0,7,2018
200,South Australia,2018-07-20,0,0.0,7,2018
201,South Australia,2018-07-21,0,0.0,7,2018
202,South Australia,2018-07-22,0,0.0,7,2018
203,South Australia,2018-07-23,0,0.0,7,2018
204,South Australia,2018-07-24,0,0.0,7,2018
205,South Australia,2018-07-25,0,0.0,7,2018
206,South Australia,2018-07-26,0,0.0,7,2018
207,South Australia,2018-07-27,0,0.0,7,2018
208,South Australia,2018-07-28,0,0.0,7,2018
209,South Australia,2018-07-29,0,0.0,7,2018
210,South Australia,2018-07-30,0,0.0,7,2018
211,South Australia,2018-07-31,0,0.0,7,2018
212,South Australia,2018-08-01,0,0.0,8,2018
213,South Australia,2018-08-02,0,0.0,8,2018
214,South Australia,2018-08-03,0,0.0,8,2018
215,South Australia,2018-08-04,0,0.0,8,2018
216,South Australia,2018-08-05,0,0.0,8,2018
217,South Australia,2018-08-06,0,0.0,8,2018
218,South Australia,2018-08-07,0,0.0,8,2018
219,South Australia,2018-08-08,0,0.0,8,2018
220,South Australia,2018-08-09,0,0.0,8,2018
221,South Australia,2018-08-10,0,0.0,8,2018
222,South Australia,2018-08-11,0,0.0,8,2018
223,South Australia,2018-08-12,0,0.0,8,2018
224,South Australia,2018-08-13,0,0.0,8,2018
225,South Australia,2018-08-14,0,0.0,8,2018
226,South Australia,2018-08-15,0,0.0,8,2018
227,South Australia,2018-08-16,0,0.0,8,2018
228,South Australia,2018-08-17,0,0.0,8,2018
229,South Australia,2018-08-18,0,0.0,8,2018
230,South Australia,2018-08-19,0,0.0,8,2018
231,South Australia,2018-08-20,0,0.0,8,2018
232,South Australia,2018-08-21,0,0.0,8,2018
233,South Australia,2018-08-22,0,0.0,8,2018
234,South Australia,2018-08-23,0,0.0,8,2018
235,South Australia,2018-08-24,0,0.0,8,2018
236,South Australia,2018-08-25,0,0.0,8,2018
237,South Australia,2018-08-26,0,0.0,8,2018
238,South Australia,2018-08-27,0,0.0,8,2018
239,South Australia,2018-08-28,0,0.0,8,2018
240,South Australia,2018-08-29,0,0.0,8,2018
241,South Australia,2018-08-30,0,0.0,8,2018
242,South Australia,2018-08-31,0,0.0,8,2018
243,South Australia,2018-09-01,0,0.0,9,2018
244,South Australia,2018-09-02,0,0.0,9,2018
245,South Australia,2018-09-03,0,0.0,9,2018
246,South Australia,2018-09-04,0,0.0,9,2018
247,South Australia,2018-09-05,0,0.0,9,2018
248,South Australia,2018-09-06,0,0.0,9,2018
249,South Australia,2018-09-07,0,0.0,9,2018
250,South Australia,2018-09-08,0,0.0,9,2018
251,South Australia,2018-09-09,0,0.0,9,2018
252,South Australia,2018-09-10,0,0.0,9,2018
253,South Australia,2018-09-11,0,0.0,9,2018
254,South Australia,2018-09-12,0,0.0,9,2018
255,South Australia,2018-09-13,0,0.0,9,2018
256,South Australia,2018-09-14,0,0.0,9,2018
257,South Australia,2018-09-15,0,0.0,9,2018
258,South Australia,2018-09-16,0,0.0,9,2018
259,South Australia,2018-09-17,0,0.0,9,2018
260,South Australia,2018-09-18,0,0.0,9,2018
261,South Australia,2018-09-19,0,0.0,9,2018
262,South Australia,2018-09-20,0,0.0,9,2018
263,South Australia,2018-09-21,0,0.0,9,2018
264,South Australia,2018-09-22,0,0.0,9,2018
265,South Australia,2018-09-23,0,0.0,9,2018
266,South Australia,2018-09-24,0,0.0,9,2018
267,South Australia,2018-09-25,0,0.0,9,2018
268,South Australia,2018-09-26,0,0.0,9,2018
269,South Australia,2018-09-27,0,0.0,9,2018
270,South Australia,2018-09-28,0,0.0,9,2018
271,South Australia,2018-09-29,0,0.0,9,2018
272,South Australia,2018-09-30,0,0.0,9,2018
273,South Australia,2018-10-01,0,0.0,10,2018
274,South Australia,2018-10-02,0,0.0,10,2018
275,South Australia,2018-10-03,0,0.0,10,2018
276,South Australia,2018-10-04,0,0.0,10,2018
277,South Australia,2018-10-05,0,0.0,10,2018
278,South Australia,2018-10-06,0,0.0,10,2018
279,South Australia,2018-10-07,0,0.0,10,2018
280,South Australia,2018-10-08,0,0.0,10,2018
281,South Australia,2018-10-09,0,0.0,10,2018
282,South Australia,2018-10-10,0,0.0,10,2018
283,South Australia,2018-10-11,0,0.0,10,2018
284,South Australia,2018-10-12,0,0.0,10,2018
285,South Australia,2018-10-13,0,0.0,10,2018
286,South Australia,2018-10-14,0,0.0,10,2018
287,South Australia,2018-10-15,0,0.0,10,2018
288,South Australia,2018-10-16,0,0.0,10,2018
289,South Australia,2018-10-17,0,0.0,10,2018
290,South Australia,2018-10-18,0,0.0,10,2018
291,South Australia,2018-10-19,0,0.0,10,2018
292,South Australia,2018-10-20,0,0.0,10,2018
293,South Australia,2018-10-21,0,0.0,10,2018
294,South Australia,2018-10-22,0,0.0,10,2018
295,South Australia,2018-10-23,0,0.0,10,2018
296,South Australia,2018-10-24,0,0.0,10,2018
297,South Australia,2018-10-25,0,0.0,10,2018
298,South Australia,2018-10-26,0,0.0,10,2018
299,South Australia,2018-10-27,0,0.0,10,2018
300,South Australia,2018-10-28,0,0.0,10,2018
301,South Australia,2018-10-29,0,0.0,10,2018
302,South Australia,2018-10-30,0,0.0,10,2018
303,South Australia,2018-10-31,0,0.0,10,2018
304,South Australia,2018-11-01,0,0.0,11,2018
305,South Australia,2018-11-02,0,0.0,11,2018
306,South Australia,2018-11-03,0,0.0,11,2018
307,South Australia,2018-11-04,0,0.0,11,2018
308,South Australia,2018-11-05,0,0.0,11,2018
309,South Australia,2018-11-06,0,0.0,11,2018
310,South Australia,2018-11-07,0,0.0,11,2018
311,South Australia,2018-11-08,0,0.0,11,2018
312,South Australia,2018-11-09,0,0.0,11,2018
313,South Australia,2018-11-10,0,0.0,11,2018
314,South Australia,2018-11-11,0,0.0,11,2018
315,South Australia,2018-11-12,0,0.0,11,2018
316,South Australia,2018-11-13,0,0.0,11,2018
317,South Australia,2018-11-14,0,0.0,11,2018
318,South Australia,2018-11-15,0,0.0,11,2018
319,South Australia,2018-11-16,0,0.0,11,2018
320,South Australia,2018-11-17,0,0.0,11,2018
321,South Australia,2018-11-18,0,0.0,11,2018
322,South Australia,2018-11-19,0,0.0,11,2018
323,South Australia,2018-11-20,0,0.0,11,2018
324,South Australia,2018-11-21,0,0.0,11,2018
325,South Australia,2018-11-22,0,0.0,11,2018
326,South Australia,2018-11-23,0,0.0,11,2018
327,South Australia,2018-11-24,0,0.0,11,2018
328,South Australia,2018-11-25,0,0.0,11,2018
329,South Australia,2018-11-26,0,0.0,11,2018
330,South Australia,2018-11-27,0,0.0,11,2018
331,South Australia,2018-11-28,0,0.0,11,2018
332,South Australia,2018-11-29,0,0.0,11,2018
333,South Australia,2018-11-30,0,0.0,11,2018
334,South Australia,2018-12-01,0,0.0,12,2018
335,South Australia,2018-12-02,0,0.0,12,2018
336,South Australia,2018-12-03,0,0.0,12,2018
337,South Australia,2018-12-04,0,0.0,12,2018
338,South Australia,2018-12-05,0,0.0,12,2018
339,South Australia,2018-12-06,0,0.0,12,2018
340,South Australia,2018-12-07,0,0.0,12,2018
341,South Australia,2018-12-08,0,0.0,12,2018
342,South Australia,2018-12-09,0,0.0,12,2018
343,South Australia,2018-12-10,0,0.0,12,2018
344,South Australia,2018-12-11,0,0.0,12,2018
345,South Australia,2018-12-12,0,0.0,12,2018
346,South Australia,2018-12-13,0,0.0,12,2018
347,South Australia,2018-12-14,0,0.0,12,2018
348,South Australia,2018-12-15,0,0.0,12,2018
349,South Australia,2018-12-16,0,0.0,12,2018
350,South Australia,2018-12-17,0,0.0,12,2018
351,South Australia,2018-12-18,0,0.0,12,2018
352,South Australia,2018-12-19,0,0.0,12,2018
353,South Australia,2018-12-20,0,0.0,12,2018
354,South Australia,2018-12-21,0,0.0,12,2018
355,South Australia,2018-12-22,0,0.0,12,2018
356,South Australia,2018-12-23,0,0.0,12,2018
357,South Australia,2018-12-24,0,0.0,12,2018
358,South Australia,2018-12-25,0,0.0,12,2018
359,South Australia,2018-12-26,0,0.0,12,2018
360,South Australia,2018-12-27,0,0.0,12,2018
361,South Australia,2018-12-28,0,0.0,12,2018
362,South Australia,2018-12-29,0,0.0,12,2018
363,South Australia,2018-12-30,0,0.0,12,2018
364,South Australia,2018-12-31,0,0.0,12,2018
365,South Australia,2019-01-01,0,0.0,1,2019
366,South Australia,2019-01-02,0,0.0,1,2019
367,South Australia,2019-01-03,0,0.0,1,2019
368,South Australia,2019-01-04,0,0.0,1,2019
369,South Australia,2019-01-05,0,0.0,1,2019
370,South Australia,2019-01-06,0,0.0,1,2019
371,South Australia,2019-01-07,0,0.0,1,2019
372,South Australia,2019-01-08,0,0.0,1,2019
373,South Australia,2019-01-09,0,0.0,1,2019
374,South Australia,2019-01-10,0,0.0,1,2019
375,South Australia,2019-01-11,0,0.0,1,2019
376,South Australia,2019-01-12,0,0.0,1,2019
377,South Australia,2019-01-13,0,0.0,1,2019
378,South Australia,2019-01-14,0,0.0,1,2019
379,South Australia,2019-01-15,0,0.0,1,2019
380,South Australia,2019-01-16,0,0.0,1,2019
381,South Australia,2019-01-17,0,0.0,1,2019
382,South Australia,2019-01-18,0,0.0,1,2019
383,South Australia,2019-01-19,0,0.0,1,2019
384,South Australia,2019-01-20,0,0.0,1,2019
385,South Australia,2019-01-21,0,0.0,1,2019
386,South Australia,2019-01-22,0,0.0,1,2019
387,South Australia,2019-01-23,0,0.0,1,2019
388,South Australia,2019-01-24,0,0.0,1,2019
389,South Australia,2019-01-25,0,0.0,1,2019
390,South Australia,2019-01-26,0,0.0,1,2019
391,South Australia,2019-01-27,0,0.0,1,2019
392,South Australia,2019-01-28,0,0.0,1,2019
393,South Australia,2019-01-29,0,0.0,1,2019
394,South Australia,2019-01-30,0,0.0,1,2019
395,South Australia,2019-01-31,0,0.0,1,2019
396,South Australia,2019-02-01,0,0.0,2,2019
397,South Australia,2019-02-02,0,0.0,2,2019
398,South Australia,2019-02-03,0,0.0,2,2019
399,South Australia,2019-02-04,0,0.0,2,2019
400,South Australia,2019-02-05,0,0.0,2,2019
401,South Australia,2019-02-06,0,0.0,2,2019
402,South Australia,2019-02-07,0,0.0,2,2019
403,South Australia,2019-02-08,0,0.0,2,2019
404,South Australia,2019-02-09,0,0.0,2,2019
405,South Australia,2019-02-10,0,0.0,2,2019
406,South Australia,2019-02-11,0,0.0,2,2019
407,South Australia,2019-02-12,0,0.0,2,2019
408,South Australia,2019-02-13,0,0.0,2,2019
409,South Australia,2019-02-14,0,0.0,2,2019
410,South Australia,2019-02-15,0,0.0,2,2019
411,South Australia,2019-02-16,0,0.0,2,2019
412,South Australia,2019-02-17,0,0.0,2,2019
413,South Australia,2019-02-18,0,0.0,2,2019
414,South Australia,2019-02-19,0,0.0,2,2019
415,South Australia,2019-02-20,0,0.0,2,2019
416,South Australia,2019-02-21,0,0.0,2,2019
417,South Australia,2019-02-22,0,0.0,2,2019
418,South Australia,2019-02-23,0,0.0,2,2019
419,South Australia,2019-02-24,0,0.0,2,2019
420,South Australia,2019-02-25,0,0.0,2,2019
421,South Australia,2019-02-26,0,0.0,2,2019
422,South Australia,2019-02-27,0,0.0,2,2019
423,South Australia,2019-02-28,0,0.0,2,2019
424,South Australia,2019-03-01,0,0.0,3,2019
425,South Australia,2019-03-02,0,0.0,3,2019
426,South Australia,2019-03-03,0,0.0,3,2019
427,South Australia,2019-03-04,0,0.0,3,2019
428,South Australia,2019-03-05,0,0.0,3,2019
429,South Australia,2019-03-06,0,0.0,3,2019
430,South Australia,2019-03-07,0,0.0,3,2019
431,South Australia,2019-03-08,0,0.0,3,2019
432,South Australia,2019-03-09,0,0.0,3,2019
433,South Australia,2019-03-10,0,0.0,3,2019
434,South Australia,2019-03-11,0,0.0,3,2019
435,South Australia,2019-03-12,0,0.0,3,2019
436,South Australia,2019-03-13,0,0.0,3,2019
437,South Australia,2019-03-14,0,0.0,3,2019
438,South Australia,2019-03-15,0,0.0,3,2019
439,South Australia,2019-03-16,0,0.0,3,2019
440,South Australia,2019-03-17,0,0.0,3,2019
441,South Australia,2019-03-18,0,0.0,3,2019
442,South Australia,2019-03-19,0,0.0,3,2019
443,South Australia,2019-03-20,0,0.0,3,2019
444,South Australia,2019-03-21,0,0.0,3,2019
445,South Australia,2019-03-22,0,0.0,3,2019
446,South Australia,2019-03-23,0,0.0,3,2019
447,South Australia,2019-03-24,0,0.0,3,2019
448,South Australia,2019-03-25,0,0.0,3,2019
449,South Australia,2019-03-26,0,0.0,3,2019
450,South Australia,2019-03-27,0,0.0,3,2019
451,South Australia,2019-03-28,0,0.0,3,2019
452,South Australia,2019-03-29,0,0.0,3,2019
453,South Australia,2019-03-30,0,0.0,3,2019
454,South Australia,2019-03-31,0,0.0,3,2019
455,South Australia,2019-04-01,0,0.0,4,2019
456,South Australia,2019-04-02,0,0.0,4,2019
457,South Australia,2019-04-03,0,0.0,4,2019
458,South Australia,2019-04-04,0,0.0,4,2019
459,South Australia,2019-04-05,0,0.0,4,2019
460,South Australia,2019-04-06,0,0.0,4,2019
461,South Australia,2019-04-07,0,0.0,4,2019
462,South Australia,2019-04-08,0,0.0,4,2019
463,South Australia,2019-04-09,0,0.0,4,2019
464,South Australia,2019-04-10,0,0.0,4,2019
465,South Australia,2019-04-11,0,0.0,4,2019
466,South Australia,2019-04-12,0,0.0,4,2019
467,South Australia,2019-04-13,0,0.0,4,2019
468,South Australia,2019-04-14,0,0.0,4,2019
469,South Australia,2019-04-15,0,0.0,4,2019
470,South Australia,2019-04-16,0,0.0,4,2019
471,South Australia,2019-04-17,0,0.0,4,2019
472,South Australia,2019-04-18,0,0.0,4,2019
473,South Australia,2019-04-19,0,0.0,4,2019
474,South Australia,2019-04-20,0,0.0,4,2019
475,South Australia,2019-04-21,0,0.0,4,2019
476,South Australia,2019-04-22,0,0.0,4,2019
477,South Australia,2019-04-23,0,0.0,4,2019
478,South Australia,2019-04-24,0,0.0,4,2019
479,South Australia,2019-04-25,0,0.0,4,2019
480,South Australia,2019-04-26,0,0.0,4,2019
481,South Australia,2019-04-27,0,0.0,4,2019
482,South Australia,2019-04-28,0,0.0,4,2019
483,South Australia,2019-04-29,0,0.0,4,2019
484,South Australia,2019-04-30,0,0.0,4,2019
485,South Australia,2019-05-01,0,0.0,5,2019
486,South Australia,2019-05-02,0,0.0,5,2019
487,South Australia,2019-05-03,0,0.0,5,2019
488,South Australia,2019-05-04,0,0.0,5,2019
489,South Australia,2019-05-05,0,0.0,5,2019
490,South Australia,2019-05-06,0,0.0,5,2019
491,South Australia,2019-05-07,0,0.0,5,2019
492,South Australia,2019-05-08,0,0.0,5,2019
493,South Australia,2019-05-09,0,0.0,5,2019
494,South Australia,2019-05-10,0,0.0,5,2019
495,South Australia,2019-05-11,0,0.0,5,2019
496,South Australia,2019-05-12,0,0.0,5,2019
497,South Australia,2019-05-13,0,0.0,5,2019
498,South Australia,2019-05-14,0,0.0,5,2019
499,South Australia,2019-05-15,0,0.0,5,2019
500,South Australia,2019-05-16,0,0.0,5,2019
501,South Australia,2019-05-17,0,0.0,5,2019
502,South Australia,2019-05-18,0,0.0,5,2019
503,South Australia,2019-05-19,0,0.0,5,2019
504,South Australia,2019-05-20,0,0.0,5,2019
505,South Australia,2019-05-21,0,0.0,5,2019
506,South Australia,2019-05-22,0,0.0,5,2019
507,South Australia,2019-05-23,0,0.0,5,2019
508,South Australia,2019-05-24,0,0.0,5,2019
509,South Australia,2019-05-25,0,0.0,5,2019
510,South Australia,2019-05-26,0,0.0,5,2019
511,South Australia,2019-05-27,0,0.0,5,2019
512,South Australia,2019-05-28,0,0.0,5,2019
513,South Australia,2019-05-29,0,0.0,5,2019
514,South Australia,2019-05-30,0,0.0,5,2019
515,South Australia,2019-05-31,0,0.0,5,2019
516,South Australia,2019-06-01,0,0.0,6,2019
517,South Australia,2019-06-02,0,0.0,6,2019
518,South Australia,2019-06-03,0,0.0,6,2019
519,South Australia,2019-06-04,0,0.0,6,2019
520,South Australia,2019-06-05,0,0.0,6,2019
521,South Australia,2019-06-06,0,0.0,6,2019
522,South Australia,2019-06-07,0,0.0,6,2019
523,South Australia,2019-06-08,0,0.0,6,2019
524,South Australia,2019-06-09,0,0.0,6,2019
525,South Australia,2019-06-10,0,0.0,6,2019
526,South Australia,2019-06-11,0,0.0,6,2019
527,South Australia,2019-06-12,0,0.0,6,2019
528,South Australia,2019-06-13,0,0.0,6,2019
529,South Australia,2019-06-14,0,0.0,6,2019
530,South Australia,2019-06-15,0,0.0,6,2019
531,South Australia,2019-06-16,0,0.0,6,2019
532,South Australia,2019-06-17,0,0.0,6,2019
533,South Australia,2019-06-18,0,0.0,6,2019
534,South Australia,2019-06-19,0,0.0,6,2019
535,South Australia,2019-06-20,0,0.0,6,2019
536,South Australia,2019-06-21,0,0.0,6,2019
537,South Australia,2019-06-22,0,0.0,6,2019
538,South Australia,2019-06-23,0,0.0,6,2019
539,South Australia,2019-06-24,0,0.0,6,2019
540,South Australia,2019-06-25,0,0.0,6,2019
541,South Australia,2019-06-26,0,0.0,6,2019
542,South Australia,2019-06-27,0,0.0,6,2019
543,South Australia,2019-06-28,0,0.0,6,2019
544,South Australia,2019-06-29,0,0.0,6,2019
545,South Australia,2019-06-30,0,0.0,6,2019
546,South Australia,2019-07-01,0,0.0,7,2019
547,South Australia,2019-07-02,0,0.0,7,2019
548,South Australia,2019-07-03,0,0.0,7,2019
549,South Australia,2019-07-04,0,0.0,7,2019
550,South Australia,2019-07-05,0,0.0,7,2019
551,South Australia,2019-07-06,0,0.0,7,2019
552,South Australia,2019-07-07,0,0.0,7,2019
553,South Australia,2019-07-08,0,0.0,7,2019
554,South Australia,2019-07-09,0,0.0,7,2019
555,South Australia,2019-07-10,0,0.0,7,2019
556,South Australia,2019-07-11,0,0.0,7,2019
557,South Australia,2019-07-12,0,0.0,7,2019
558,South Australia,2019-07-13,0,0.0,7,2019
559,South Australia,2019-07-14,0,0.0,7,2019
560,South Australia,2019-07-15,0,0.0,7,2019
561,South Australia,2019-07-16,0,0.0,7,2019
562,South Australia,2019-07-17,0,0.0,7,2019
563,South Australia,2019-07-18,0,0.0,7,2019
564,South Australia,2019-07-19,0,0.0,7,2019
565,South Australia,2019-07-20,0,0.0,7,2019
566,South Australia,2019-07-21,0,0.0,7,2019
567,South Australia,2019-07-22,0,0.0,7,2019
568,South Australia,2019-07-23,0,0.0,7,2019
569,South Australia,2019-07-24,0,0.0,7,2019
570,South Australia,2019-07-25,0,0.0,7,2019
571,South Australia,2019-07-26,0,0.0,7,2019
572,South Australia,2019-07-27,0,0.0,7,2019
573,South Australia,2019-07-28,0,0.0,7,2019
574,South Australia,2019-07-29,0,0.0,7,2019
575,South Australia,2019-07-30,0,0.0,7,2019
576,South Australia,2019-07-31,0,0.0,7,2019
577,South Australia,2019-08-01,0,0.0,8,2019
578,South Australia,2019-08-02,0,0.0,8,2019
579,South Australia,2019-08-03,0,0.0,8,2019
580,South Australia,2019-08-04,0,0.0,8,2019
581,South Australia,2019-08-05,0,0.0,8,2019
582,South Australia,2019-08-06,0,0.0,8,2019
583,South Australia,2019-08-07,0,0.0,8,2019
584,South Australia,2019-08-08,0,0.0,8,2019
585,South Australia,2019-08-09,0,0.0,8,2019
586,South Australia,2019-08-10,0,0.0,8,2019
587,South Australia,2019-08-11,0,0.0,8,2019
588,South Australia,2019-08-12,0,0.0,8,2019
589,South Australia,2019-08-13,0,0.0,8,2019
590,South Australia,2019-08-14,0,0.0,8,2019
591,South Australia,2019-08-15,0,0.0,8,2019
592,South Australia,2019-08-16,0,0.0,8,2019
593,South Australia,2019-08-17,0,0.0,8,2019
594,South Australia,2019-08-18,0,0.0,8,2019
595,South Australia,2019-08-19,0,0.0,8,2019
596,South Australia,2019-08-20,0,0.0,8,2019
597,South Australia,2019-08-21,0,0.0,8,2019
598,South Australia,2019-08-22,0,0.0,8,2019
599,South Australia,2019-08-23,0,0.0,8,2019
600,South Australia,2019-08-24,0,0.0,8,2019
601,South Australia,2019-08-25,0,0.0,8,2019
602,South Australia,2019-08-26,0,0.0,8,2019
603,South Australia,2019-08-27,0,0.0,8,2019
604,South Australia,2019-08-28,0,0.0,8,2019
605,South Australia,2019-08-29,0,0.0,8,2019
606,South Australia,2019-08-30,0,0.0,8,2019
607,South Australia,2019-08-31,0,0.0,8,2019
608,South Australia,2019-09-01,0,0.0,9,2019
609,South Australia,2019-09-02,0,0.0,9,2019
610,South Australia,2019-09-03,0,0.0,9,2019
611,South Australia,2019-09-04,0,0.0,9,2019
612,South Australia,2019-09-05,0,0.0,9,2019
613,South Australia,2019-09-06,0,0.0,9,2019
614,South Australia,2019-09-07,0,0.0,9,2019
615,South Australia,2019-09-08,0,0.0,9,2019
616,South Australia,2019-09-09,0,0.0,9,2019
617,South Australia,2019-09-10,0,0.0,9,2019
618,South Australia,2019-09-11,0,0.0,9,2019
619,South Australia,2019-09-12,0,0.0,9,2019
620,South Australia,2019-09-13,0,0.0,9,2019
621,South Australia,2019-09-14,0,0.0,9,2019
622,South Australia,2019-09-15,0,0.0,9,2019
623,South Australia,2019-09-16,0,0.0,9,2019
624,South Australia,2019-09-17,0,0.0,9,2019
625,South Australia,2019-09-18,0,0.0,9,2019
626,South Australia,2019-09-19,0,0.0,9,2019
627,South Australia,2019-09-20,0,0.0,9,2019
628,South Australia,2019-09-21,0,0.0,9,2019
629,South Australia,2019-09-22,0,0.0,9,2019
630,South Australia,2019-09-23,0,0.0,9,2019
631,South Australia,2019-09-24,0,0.0,9,2019
632,South Australia,2019-09-25,0,0.0,9,2019
633,South Australia,2019-09-26,0,0.0,9,2019
634,South Australia,2019-09-27,0,0.0,9,2019
635,South Australia,2019-09-28,0,0.0,9,2019
636,South Australia,2019-09-29,0,0.0,9,2019
637,South Australia,2019-09-30,0,0.0,9,2019
638,South Australia,2019-10-01,0,0.0,10,2019
639,South Australia,2019-10-02,0,0.0,10,2019
640,South Australia,2019-10-03,0,0.0,10,2019
641,South Australia,2019-10-04,0,0.0,10,2019
642,South Australia,2019-10-05,0,0.0,10,2019
643,South Australia,2019-10-06,0,0.0,10,2019
644,South Australia,2019-10-07,0,0.0,10,2019
645,South Australia,2019-10-08,0,0.0,10,2019
646,South Australia,2019-10-09,0,0.0,10,2019
647,South Australia,2019-10-10,0,0.0,10,2019
648,South Australia,2019-10-11,0,0.0,10,2019
649,South Australia,2019-10-12,0,0.0,10,2019
650,South Australia,2019-10-13,0,0.0,10,2019
651,South Australia,2019-10-14,0,0.0,10,2019
652,South Australia,2019-10-15,0,0.0,10,2019
653,South Australia,2019-10-16,0,0.0,10,2019
654,South Australia,2019-10-17,0,0.0,10,2019
655,South Australia,2019-10-18,0,0.0,10,2019
656,South Australia,2019-10-19,0,0.0,10,2019
657,South Australia,2019-10-20,0,0.0,10,2019
658,South Australia,2019-10-21,0,0.0,10,2019
659,South Australia,2019-10-22,0,0.0,10,2019
660,South Australia,2019-10-23,0,0.0,10,2019
661,South Australia,2019-10-24,0,0.0,10,2019
662,South Australia,2019-10-25,0,0.0,10,2019
663,South Australia,2019-10-26,0,0.0,10,2019
664,South Australia,2019-10-27,0,0.0,10,2019
665,South Australia,2019-10-28,0,0.0,10,2019
666,South Australia,2019-10-29,0,0.0,10,2019
667,South Australia,2019-10-30,0,0.0,10,2019
668,South Australia,2019-10-31,0,0.0,10,2019
669,South Australia,2019-11-01,0,0.0,11,2019
670,South Australia,2019-11-02,0,0.0,11,2019
671,South Australia,2019-11-03,0,0.0,11,2019
672,South Australia,2019-11-04,0,0.0,11,2019
673,South Australia,2019-11-05,0,0.0,11,2019
674,South Australia,2019-11-06,0,0.0,11,2019
675,South Australia,2019-11-07,0,0.0,11,2019
676,South Australia,2019-11-08,0,0.0,11,2019
677,South Australia,2019-11-09,0,0.0,11,2019
678,South Australia,2019-11-10,0,0.0,11,2019
679,South Australia,2019-11-11,0,0.0,11,2019
680,South Australia,2019-11-12,0,0.0,11,2019
681,South Australia,2019-11-13,0,0.0,11,2019
682,South Australia,2019-11-14,0,0.0,11,2019
683,South Australia,2019-11-15,0,0.0,11,2019
684,South Australia,2019-11-16,0,0.0,11,2019
685,South Australia,2019-11-17,0,0.0,11,2019
686,South Australia,2019-11-18,0,0.0,11,2019
687,South Australia,2019-11-19,0,0.0,11,2019
688,South Australia,2019-11-20,0,0.0,11,2019
689,South Australia,2019-11-21,0,0.0,11,2019
690,South Australia,2019-11-22,0,0.0,11,2019
691,South Australia,2019-11-23,0,0.0,11,2019
692,South Australia,2019-11-24,0,0.0,11,2019
693,South Australia,2019-11-25,0,0.0,11,2019
694,South Australia,2019-11-26,0,0.0,11,2019
695,South Australia,2019-11-27,0,0.0,11,2019
696,South Australia,2019-11-28,0,0.0,11,2019
697,South Australia,2019-11-29,0,0.0,11,2019
698,South Australia,2019-11-30,0,0.0,11,2019
699,South Australia,2019-12-01,0,0.0,12,2019
700,South Australia,2019-12-02,0,0.0,12,2019
701,South Australia,2019-12-03,0,0.0,12,2019
702,South Australia,2019-12-04,0,0.0,12,2019
703,South Australia,2019-12-05,0,0.0,12,2019
704,South Australia,2019-12-06,0,0.0,12,2019
705,South Australia,2019-12-07,0,0.0,12,2019
706,South Australia,2019-12-08,0,0.0,12,2019
707,South Australia,2019-12-09,0,0.0,12,2019
708,South Australia,2019-12-10,0,0.0,12,2019
709,South Australia,2019-12-11,0,0.0,12,2019
710,South Australia,2019-12-12,0,0.0,12,2019
711,South Australia,2019-12-13,0,0.0,12,2019
712,South Australia,2019-12-14,0,0.0,12,2019
713,South Australia,2019-12-15,0,0.0,12,2019
714,South Australia,2019-12-16,0,0.0,12,2019
715,South Australia,2019-12-17,0,0.0,12,2019
716,South Australia,2019-12-18,0,0.0,12,2019
717,South Australia,2019-12-19,0,0.0,12,2019
718,South Australia,2019-12-20,0,0.0,12,2019
719,South Australia,2019-12-21,0,0.0,12,2019
720,South Australia,2019-12-22,0,0.0,12,2019
721,South Australia,2019-12-23,0,0.0,12,2019
722,South Australia,2019-12-24,0,0.0,12,2019
723,South Australia,2019-12-25,0,0.0,12,2019
724,South Australia,2019-12-26,0,0.0,12,2019
725,South Australia,2019-12-27,0,0.0,12,2019
726,South Australia,2019-12-28,0,0.0,12,2019
727,South Australia,2019-12-29,0,0.0,12,2019
728,South Australia,2019-12-30,0,0.0,12,2019
729,South Australia,2019-12-31,0,0.0,12,2019
730,South Australia,2020-01-01,0,0.0,1,2020
731,South Australia,2020-01-02,0,0.0,1,2020
732,South Australia,2020-01-03,0,0.0,1,2020
733,South Australia,2020-01-04,0,0.0,1,2020
734,South Australia,2020-01-05,0,0.0,1,2020
735,South Australia,2020-01-06,0,0.0,1,2020
736,South Australia,2020-01-07,0,0.0,1,2020
737,South Australia,2020-01-08,0,0.0,1,2020
738,South Australia,2020-01-09,0,0.0,1,2020
739,South Australia,2020-01-10,0,0.0,1,2020
740,South Australia,2020-01-11,0,0.0,1,2020
741,South Australia,2020-01-12,0,0.0,1,2020
742,South Australia,2020-01-13,0,0.0,1,2020
743,South Australia,2020-01-14,0,0.0,1,2020
744,South Australia,2020-01-15,0,0.0,1,2020
745,South Australia,2020-01-16,0,0.0,1,2020
746,South Australia,2020-01-17,0,0.0,1,2020
747,South Australia,2020-01-18,0,0.0,1,2020
748,South Australia,2020-01-19,0,0.0,1,2020
749,South Australia,2020-01-20,0,0.0,1,2020
750,South Australia,2020-01-21,0,0.0,1,2020
751,South Australia,2020-01-22,0,0.0,1,2020
752,South Australia,2020-01-23,0,0.0,1,2020
753,South Australia,2020-01-24,0,0.0,1,2020
754,South Australia,2020-01-25,0,0.0,1,2020
755,South Australia,2020-01-26,0,0.0,1,2020
756,South Australia,2020-01-27,0,0.0,1,2020
757,South Australia,2020-01-28,0,0.0,1,2020
758,South Australia,2020-01-29,0,0.0,1,2020
759,South Australia,2020-01-30,0,0.0,1,2020
760,South Australia,2020-01-31,0,1.0,1,2020
761,South Australia,2020-02-01,1,1.0,2,2020
762,South Australia,2020-02-02,2,0.0,2,2020
763,South Australia,2020-02-03,2,0.0,2,2020
764,South Australia,2020-02-04,2,0.0,2,2020
765,South Australia,2020-02-05,2,0.0,2,2020
766,South Australia,2020-02-06,2,0.0,2,2020
767,South Australia,2020-02-07,2,0.0,2,2020
768,South Australia,2020-02-08,2,0.0,2,2020
769,South Australia,2020-02-09,2,0.0,2,2020
770,South Australia,2020-02-10,2,0.0,2,2020
771,South Australia,2020-02-11,2,0.0,2,2020
772,South Australia,2020-02-12,2,0.0,2,2020
773,South Australia,2020-02-13,2,0.0,2,2020
774,South Australia,2020-02-14,2,0.0,2,2020
775,South Australia,2020-02-15,2,0.0,2,2020
776,South Australia,2020-02-16,2,0.0,2,2020
777,South Australia,2020-02-17,2,0.0,2,2020
778,South Australia,2020-02-18,2,0.0,2,2020
779,South Australia,2020-02-19,2,0.0,2,2020
780,South Australia,2020-02-20,2,0.0,2,2020
781,South Australia,2020-02-21,2,0.0,2,2020
782,South Australia,2020-02-22,2,0.0,2,2020
783,South Australia,2020-02-23,2,0.0,2,2020
784,South Australia,2020-02-24,2,0.0,2,2020
785,South Australia,2020-02-25,2,0.0,2,2020
786,South Australia,2020-02-26,2,0.0,2,2020
787,South Australia,2020-02-27,2,0.0,2,2020
788,South Australia,2020-02-28,2,1.0,2,2020
789,South Australia,2020-02-29,3,0.0,2,2020
790,South Australia,2020-03-01,3,0.0,3,2020
791,South Australia,2020-03-02,3,0.0,3,2020
792,South Australia,2020-03-03,3,2.0,3,2020
793,South Australia,2020-03-04,5,0.0,3,2020
794,South Australia,2020-03-05,5,2.0,3,2020
795,South Australia,2020-03-06,7,0.0,3,2020
796,South Australia,2020-03-07,7,0.0,3,2020
797,South Australia,2020-03-08,7,0.0,3,2020
798,South Australia,2020-03-09,7,0.0,3,2020
799,South Australia,2020-03-10,7,2.0,3,2020
800,South Australia,2020-03-11,9,0.0,3,2020
801,South Australia,2020-03-12,9,7.0,3,2020
802,South Australia,2020-03-13,16,3.0,3,2020
803,South Australia,2020-03-14,19,1.0,3,2020
804,South Australia,2020-03-15,20,9.0,3,2020
805,South Australia,2020-03-16,29,0.0,3,2020
806,South Australia,2020-03-17,29,8.0,3,2020
807,South Australia,2020-03-18,37,5.0,3,2020
808,South Australia,2020-03-19,42,8.0,3,2020
809,South Australia,2020-03-20,50,17.0,3,2020
810,South Australia,2020-03-21,67,33.0,3,2020
811,South Australia,2020-03-22,100,34.0,3,2020
812,South Australia,2020-03-23,134,36.0,3,2020
813,South Australia,2020-03-24,170,0.0,3,2020
814,South Australia,2020-03-25,170,65.0,3,2020
815,South Australia,2020-03-26,235,22.0,3,2020
816,South Australia,2020-03-27,257,30.0,3,2020
817,South Australia,2020-03-28,287,12.0,3,2020
818,South Australia,2020-03-29,299,6.0,3,2020
819,South Australia,2020-03-30,305,32.0,3,2020
820,South Australia,2020-03-31,337,30.0,3,2020
821,South Australia,2020-04-01,367,0.0,4,2020
822,South Australia,2020-04-02,367,29.0,4,2020
823,South Australia,2020-04-03,396,11.0,4,2020
824,South Australia,2020-04-04,407,0.0,4,2020
825,South Australia,2020-04-05,407,4.0,4,2020
826,South Australia,2020-04-06,411,0.0,4,2020
827,South Australia,2020-04-07,411,4.0,4,2020
828,South Australia,2020-04-08,415,5.0,4,2020
829,South Australia,2020-04-09,420,8.0,4,2020
830,South Australia,2020-04-10,428,1.0,4,2020
831,South Australia,2020-04-11,429,0.0,4,2020
832,South Australia,2020-04-12,429,0.0,4,2020
833,South Australia,2020-04-13,429,4.0,4,2020
834,South Australia,2020-04-14,433,0.0,4,2020
835,South Australia,2020-04-15,433,0.0,4,2020
836,South Australia,2020-04-16,433,2.0,4,2020
837,South Australia,2020-04-17,435,0.0,4,2020
838,South Australia,2020-04-18,435,0.0,4,2020
839,South Australia,2020-04-19,435,0.0,4,2020
840,South Australia,2020-04-20,435,2.0,4,2020
841,South Australia,2020-04-21,437,1.0,4,2020
842,South Australia,2020-04-22,438,0.0,4,2020
843,South Australia,2020-04-23,438,0.0,4,2020
844,South Australia,2020-04-24,438,0.0,4,2020
845,South Australia,2020-04-25,438,0.0,4,2020
846,South Australia,2020-04-26,438,0.0,4,2020
847,South Australia,2020-04-27,438,0.0,4,2020
848,South Australia,2020-04-28,438,0.0,4,2020
849,South Australia,2020-04-29,438,0.0,4,2020
850,South Australia,2020-04-30,438,0.0,4,2020
851,South Australia,2020-05-01,438,0.0,5,2020
852,South Australia,2020-05-02,438,0.0,5,2020
853,South Australia,2020-05-03,438,0.0,5,2020
854,South Australia,2020-05-04,438,0.0,5,2020
855,South Australia,2020-05-05,438,0.0,5,2020
856,South Australia,2020-05-06,438,1.0,5,2020
857,South Australia,2020-05-07,439,0.0,5,2020
858,South Australia,2020-05-08,439,0.0,5,2020
859,South Australia,2020-05-09,439,0.0,5,2020
860,South Australia,2020-05-10,439,0.0,5,2020
861,South Australia,2020-05-11,439,0.0,5,2020
862,South Australia,2020-05-12,439,0.0,5,2020
863,South Australia,2020-05-13,439,0.0,5,2020
864,South Australia,2020-05-14,439,0.0,5,2020
865,South Australia,2020-05-15,439,0.0,5,2020
866,South Australia,2020-05-16,439,0.0,5,2020
867,South Australia,2020-05-17,439,0.0,5,2020
868,South Australia,2020-05-18,439,0.0,5,2020
869,South Australia,2020-05-19,439,0.0,5,2020
870,South Australia,2020-05-20,439,0.0,5,2020
871,South Australia,2020-05-21,439,0.0,5,2020
872,South Australia,2020-05-22,439,0.0,5,2020
873,South Australia,2020-05-23,439,0.0,5,2020
874,South Australia,2020-05-24,439,0.0,5,2020
875,South Australia,2020-05-25,439,1.0,5,2020
876,South Australia,2020-05-26,440,0.0,5,2020
877,South Australia,2020-05-27,440,0.0,5,2020
878,South Australia,2020-05-28,440,0.0,5,2020
879,South Australia,2020-05-29,440,0.0,5,2020
880,South Australia,2020-05-30,440,0.0,5,2020
881,South Australia,2020-05-31,440,0.0,5,2020
882,South Australia,2020-06-01,440,0.0,6,2020
883,South Australia,2020-06-02,440,0.0,6,2020
884,South Australia,2020-06-03,440,0.0,6,2020
885,South Australia,2020-06-04,440,0.0,6,2020
886,South Australia,2020-06-05,440,0.0,6,2020
887,South Australia,2020-06-06,440,0.0,6,2020
888,South Australia,2020-06-07,440,0.0,6,2020
889,South Australia,2020-06-08,440,0.0,6,2020
890,South Australia,2020-06-09,440,0.0,6,2020
891,South Australia,2020-06-10,440,0.0,6,2020
892,South Australia,2020-06-11,440,0.0,6,2020
893,South Australia,2020-06-12,440,0.0,6,2020
894,South Australia,2020-06-13,440,0.0,6,2020
895,South Australia,2020-06-14,440,0.0,6,2020
896,South Australia,2020-06-15,440,0.0,6,2020
897,South Australia,2020-06-16,440,0.0,6,2020
898,South Australia,2020-06-17,440,0.0,6,2020
899,South Australia,2020-06-18,440,0.0,6,2020
900,South Australia,2020-06-19,440,0.0,6,2020
901,South Australia,2020-06-20,440,0.0,6,2020
902,South Australia,2020-06-21,440,0.0,6,2020
903,South Australia,2020-06-22,440,0.0,6,2020
904,South Australia,2020-06-23,440,0.0,6,2020
905,South Australia,2020-06-24,440,0.0,6,2020
906,South Australia,2020-06-25,440,0.0,6,2020
907,South Australia,2020-06-26,440,0.0,6,2020
908,South Australia,2020-06-27,440,0.0,6,2020
909,South Australia,2020-06-28,440,3.0,6,2020
910,South Australia,2020-06-29,443,0.0,6,2020
911,South Australia,2020-06-30,443,0.0,6,2020
912,South Australia,2020-07-01,443,0.0,7,2020
913,South Australia,2020-07-02,443,0.0,7,2020
914,South Australia,2020-07-03,443,0.0,7,2020
915,South Australia,2020-07-04,443,0.0,7,2020
916,South Australia,2020-07-05,443,0.0,7,2020
917,South Australia,2020-07-06,443,0.0,7,2020
918,South Australia,2020-07-07,443,0.0,7,2020
919,South Australia,2020-07-08,443,0.0,7,2020
920,South Australia,2020-07-09,443,0.0,7,2020
921,South Australia,2020-07-10,443,0.0,7,2020
922,South Australia,2020-07-11,443,0.0,7,2020
923,South Australia,2020-07-12,443,0.0,7,2020
924,South Australia,2020-07-13,443,0.0,7,2020
925,South Australia,2020-07-14,443,1.0,7,2020
926,South Australia,2020-07-15,444,0.0,7,2020
927,South Australia,2020-07-16,444,0.0,7,2020
928,South Australia,2020-07-17,444,0.0,7,2020
929,South Australia,2020-07-18,444,0.0,7,2020
930,South Australia,2020-07-19,444,0.0,7,2020
931,South Australia,2020-07-20,444,0.0,7,2020
932,South Australia,2020-07-21,444,2.0,7,2020
933,South Australia,2020-07-22,446,1.0,7,2020
934,South Australia,2020-07-23,447,0.0,7,2020
935,South Australia,2020-07-24,447,0.0,7,2020
936,South Australia,2020-07-25,447,0.0,7,2020
937,South Australia,2020-07-26,447,0.0,7,2020
938,South Australia,2020-07-27,447,1.0,7,2020
939,South Australia,2020-07-28,448,0.0,7,2020
940,South Australia,2020-07-29,448,1.0,7,2020
941,South Australia,2020-07-30,449,2.0,7,2020
942,South Australia,2020-07-31,451,2.0,7,2020
943,South Australia,2020-08-01,453,2.0,8,2020
944,South Australia,2020-08-02,455,2.0,8,2020
945,South Australia,2020-08-03,457,0.0,8,2020
946,South Australia,2020-08-04,457,-1.0,8,2020
947,South Australia,2020-08-05,456,3.0,8,2020
948,South Australia,2020-08-06,459,0.0,8,2020
949,South Australia,2020-08-07,459,0.0,8,2020
950,South Australia,2020-08-08,459,0.0,8,2020
951,South Australia,2020-08-09,459,0.0,8,2020
952,South Australia,2020-08-10,459,0.0,8,2020
953,South Australia,2020-08-11,459,0.0,8,2020
954,South Australia,2020-08-12,459,1.0,8,2020
955,South Australia,2020-08-13,460,0.0,8,2020
956,South Australia,2020-08-14,460,0.0,8,2020
957,South Australia,2020-08-15,460,1.0,8,2020
958,South Australia,2020-08-16,461,1.0,8,2020
959,South Australia,2020-08-17,462,0.0,8,2020
960,South Australia,2020-08-18,462,0.0,8,2020
961,South Australia,2020-08-19,462,0.0,8,2020
962,South Australia,2020-08-20,462,0.0,8,2020
963,South Australia,2020-08-21,462,0.0,8,2020
964,South Australia,2020-08-22,462,1.0,8,2020
965,South Australia,2020-08-23,463,0.0,8,2020
966,South Australia,2020-08-24,463,0.0,8,2020
967,South Australia,2020-08-25,463,0.0,8,2020
968,South Australia,2020-08-26,463,0.0,8,2020
969,South Australia,2020-08-27,463,0.0,8,2020
970,South Australia,2020-08-28,463,0.0,8,2020
971,South Australia,2020-08-29,463,0.0,8,2020
972,South Australia,2020-08-30,463,0.0,8,2020
973,South Australia,2020-08-31,463,0.0,8,2020
974,South Australia,2020-09-01,463,0.0,9,2020
975,South Australia,2020-09-02,463,0.0,9,2020
976,South Australia,2020-09-03,463,0.0,9,2020
977,South Australia,2020-09-04,463,1.0,9,2020
978,South Australia,2020-09-05,464,0.0,9,2020
979,South Australia,2020-09-06,464,0.0,9,2020
980,South Australia,2020-09-07,464,1.0,9,2020
981,South Australia,2020-09-08,465,0.0,9,2020
982,South Australia,2020-09-09,465,0.0,9,2020
983,South Australia,2020-09-10,465,1.0,9,2020
984,South Australia,2020-09-11,466,0.0,9,2020
985,South Australia,2020-09-12,466,0.0,9,2020
986,South Australia,2020-09-13,466,0.0,9,2020
987,South Australia,2020-09-14,466,0.0,9,2020
988,South Australia,2020-09-15,466,0.0,9,2020
989,South Australia,2020-09-16,466,0.0,9,2020
990,South Australia,2020-09-17,466,0.0,9,2020
991,South Australia,2020-09-18,466,0.0,9,2020
992,South Australia,2020-09-19,466,0.0,9,2020
993,South Australia,2020-09-20,466,0.0,9,2020
994,South Australia,2020-09-21,466,0.0,9,2020
995,South Australia,2020-09-22,466,2.0,9,2020
996,South Australia,2020-09-23,468,0.0,9,2020
997,South Australia,2020-09-24,468,0.0,9,2020
998,South Australia,2020-09-25,468,0.0,9,2020
999,South Australia,2020-09-26,468,0.0,9,2020
1000,South Australia,2020-09-27,468,0.0,9,2020
1001,South Australia,2020-09-28,468,0.0,9,2020
1002,South Australia,2020-09-29,468,0.0,9,2020
1003,South Australia,2020-09-30,468,0.0,9,2020
1004,South Australia,2020-10-01,468,2.0,10,2020
1005,South Australia,2020-10-02,470,0.0,10,2020
1006,South Australia,2020-10-03,470,1.0,10,2020
1007,South Australia,2020-10-04,471,0.0,10,2020
1008,South Australia,2020-10-05,471,1.0,10,2020
1009,South Australia,2020-10-06,472,0.0,10,2020
1010,South Australia,2020-10-07,472,0.0,10,2020
1011,South Australia,2020-10-08,472,1.0,10,2020
1012,South Australia,2020-10-09,473,0.0,10,2020
1013,South Australia,2020-10-10,473,2.0,10,2020
1014,South Australia,2020-10-11,475,0.0,10,2020
1015,South Australia,2020-10-12,475,1.0,10,2020
1016,South Australia,2020-10-13,476,3.0,10,2020
1017,South Australia,2020-10-14,479,0.0,10,2020
1018,South Australia,2020-10-15,479,0.0,10,2020
1019,South Australia,2020-10-16,479,3.0,10,2020
1020,South Australia,2020-10-17,482,2.0,10,2020
1021,South Australia,2020-10-18,484,0.0,10,2020
1022,South Australia,2020-10-19,484,0.0,10,2020
1023,South Australia,2020-10-20,484,1.0,10,2020
1024,South Australia,2020-10-21,485,0.0,10,2020
1025,South Australia,2020-10-22,485,2.0,10,2020
1026,South Australia,2020-10-23,487,0.0,10,2020
1027,South Australia,2020-10-24,487,4.0,10,2020
1028,South Australia,2020-10-25,491,3.0,10,2020
1029,South Australia,2020-10-26,494,0.0,10,2020
1030,South Australia,2020-10-27,494,1.0,10,2020
1031,South Australia,2020-10-28,495,1.0,10,2020
1032,South Australia,2020-10-29,496,1.0,10,2020
1033,South Australia,2020-10-30,497,4.0,10,2020
1034,South Australia,2020-10-31,501,0.0,10,2020
1035,South Australia,2020-11-01,501,2.0,11,2020
1036,South Australia,2020-11-02,503,1.0,11,2020
1037,South Australia,2020-11-03,504,5.0,11,2020
1038,South Australia,2020-11-04,509,1.0,11,2020
1039,South Australia,2020-11-05,510,2.0,11,2020
1040,South Australia,2020-11-06,512,3.0,11,2020
1041,South Australia,2020-11-07,515,0.0,11,2020
1042,South Australia,2020-11-08,515,2.0,11,2020
1043,South Australia,2020-11-09,517,0.0,11,2020
1044,South Australia,2020-11-10,517,0.0,11,2020
1045,South Australia,2020-11-11,517,0.0,11,2020
1046,South Australia,2020-11-12,517,0.0,11,2020
1047,South Australia,2020-11-13,517,5.0,11,2020
1048,South Australia,2020-11-14,522,22.0,11,2020
1049,South Australia,2020-11-15,544,3.0,11,2020
1050,South Australia,2020-11-16,547,4.0,11,2020
1051,South Australia,2020-11-17,551,0.0,11,2020
1052,South Australia,2020-11-18,551,2.0,11,2020
1053,South Australia,2020-11-19,553,1.0,11,2020
1054,South Australia,2020-11-20,554,1.0,11,2020
1055,South Australia,2020-11-21,555,1.0,11,2020
1056,South Australia,2020-11-22,556,1.0,11,2020
1057,South Australia,2020-11-23,557,1.0,11,2020
1058,South Australia,2020-11-24,558,2.0,11,2020
1059,South Australia,2020-11-25,560,-1.0,11,2020
1060,South Australia,2020-11-26,559,3.0,11,2020
1061,South Australia,2020-11-27,562,-1.0,11,2020
1062,South Australia,2020-11-28,561,1.0,11,2020
1063,South Australia,2020-11-29,562,0.0,11,2020
1064,South Australia,2020-11-30,562,0.0,11,2020
1065,South Australia,2020-12-01,562,0.0,12,2020
1066,South Australia,2020-12-02,562,0.0,12,2020
1067,South Australia,2020-12-03,562,0.0,12,2020
1068,South Australia,2020-12-04,562,0.0,12,2020
1069,South Australia,2020-12-05,562,0.0,12,2020
1070,South Australia,2020-12-06,562,0.0,12,2020
1071,South Australia,2020-12-07,562,0.0,12,2020
1072,South Australia,2020-12-08,562,0.0,12,2020
1073,South Australia,2020-12-09,562,0.0,12,2020
1074,South Australia,2020-12-10,562,0.0,12,2020
1075,South Australia,2020-12-11,562,0.0,12,2020
1076,South Australia,2020-12-12,562,1.0,12,2020
1077,South Australia,2020-12-13,563,0.0,12,2020
1078,South Australia,2020-12-14,563,0.0,12,2020
1079,South Australia,2020-12-15,563,0.0,12,2020
1080,South Australia,2020-12-16,563,0.0,12,2020
1081,South Australia,2020-12-17,563,0.0,12,2020
1082,South Australia,2020-12-18,563,0.0,12,2020
1083,South Australia,2020-12-19,563,3.0,12,2020
1084,South Australia,2020-12-20,566,0.0,12,2020
1085,South Australia,2020-12-21,566,0.0,12,2020
1086,South Australia,2020-12-22,566,2.0,12,2020
1087,South Australia,2020-12-23,568,0.0,12,2020
1088,South Australia,2020-12-24,568,1.0,12,2020
1089,South Australia,2020-12-25,569,0.0,12,2020
1090,South Australia,2020-12-26,569,3.0,12,2020
1091,South Australia,2020-12-27,572,0.0,12,2020
1092,South Australia,2020-12-28,572,3.0,12,2020
1093,South Australia,2020-12-29,575,1.0,12,2020
1094,South Australia,2020-12-30,576,4.0,12,2020
1095,South Australia,2020-12-31,580,0.0,12,2020
1096,South Australia,2021-01-01,580,0.0,1,2021
1097,South Australia,2021-01-02,580,3.0,1,2021
1098,South Australia,2021-01-03,583,-2.0,1,2021
1099,South Australia,2021-01-04,581,1.0,1,2021
1100,South Australia,2021-01-05,582,0.0,1,2021
1101,South Australia,2021-01-06,582,3.0,1,2021
1102,South Australia,2021-01-07,585,2.0,1,2021
1103,South Australia,2021-01-08,587,0.0,1,2021
1104,South Australia,2021-01-09,587,1.0,1,2021
1105,South Australia,2021-01-10,588,0.0,1,2021
1106,South Australia,2021-01-11,588,2.0,1,2021
1107,South Australia,2021-01-12,590,0.0,1,2021
1108,South Australia,2021-01-13,590,1.0,1,2021
1109,South Australia,2021-01-14,591,2.0,1,2021
1110,South Australia,2021-01-15,593,0.0,1,2021
1111,South Australia,2021-01-16,593,0.0,1,2021
1112,South Australia,2021-01-17,593,0.0,1,2021
1113,South Australia,2021-01-18,593,1.0,1,2021
1114,South Australia,2021-01-19,594,2.0,1,2021
1115,South Australia,2021-01-20,596,0.0,1,2021
1116,South Australia,2021-01-21,596,0.0,1,2021
1117,South Australia,2021-01-22,596,0.0,1,2021
1118,South Australia,2021-01-23,596,0.0,1,2021
1119,South Australia,2021-01-24,596,0.0,1,2021
1120,South Australia,2021-01-25,596,0.0,1,2021
1121,South Australia,2021-01-26,596,0.0,1,2021
1122,South Australia,2021-01-27,596,0.0,1,2021
1123,South Australia,2021-01-28,596,0.0,1,2021
1124,South Australia,2021-01-29,596,1.0,1,2021
1125,South Australia,2021-01-30,597,-1.0,1,2021
1126,South Australia,2021-01-31,596,1.0,1,2021
1127,South Australia,2021-02-01,597,4.0,2,2021
1128,South Australia,2021-02-02,601,0.0,2,2021
1129,South Australia,2021-02-03,601,1.0,2,2021
1130,South Australia,2021-02-04,602,0.0,2,2021
1131,South Australia,2021-02-05,602,0.0,2,2021
1132,South Australia,2021-02-06,602,1.0,2,2021
1133,South Australia,2021-02-07,603,0.0,2,2021
1134,South Australia,2021-02-08,603,2.0,2,2021
1135,South Australia,2021-02-09,605,1.0,2,2021
1136,South Australia,2021-02-10,606,0.0,2,2021
1137,South Australia,2021-02-11,606,0.0,2,2021
1138,South Australia,2021-02-12,606,0.0,2,2021
1139,South Australia,2021-02-13,606,0.0,2,2021
1140,South Australia,2021-02-14,606,0.0,2,2021
1141,South Australia,2021-02-15,606,2.0,2,2021
1142,South Australia,2021-02-16,608,0.0,2,2021
1143,South Australia,2021-02-17,608,0.0,2,2021
1144,South Australia,2021-02-18,608,0.0,2,2021
1145,South Australia,2021-02-19,608,2.0,2,2021
1146,South Australia,2021-02-20,610,0.0,2,2021
1147,South Australia,2021-02-21,610,2.0,2,2021
1148,South Australia,2021-02-22,612,1.0,2,2021
1149,South Australia,2021-02-23,613,0.0,2,2021
1150,South Australia,2021-02-24,613,0.0,2,2021
1151,South Australia,2021-02-25,613,0.0,2,2021
1152,South Australia,2021-02-26,613,0.0,2,2021
1153,South Australia,2021-02-27,613,3.0,2,2021
1154,South Australia,2021-02-28,616,1.0,2,2021
1155,South Australia,2021-03-01,617,1.0,3,2021
1156,South Australia,2021-03-02,618,0.0,3,2021
1157,South Australia,2021-03-03,618,0.0,3,2021
1158,South Australia,2021-03-04,618,0.0,3,2021
1159,South Australia,2021-03-05,618,0.0,3,2021
1160,South Australia,2021-03-06,618,0.0,3,2021
1161,South Australia,2021-03-07,618,2.0,3,2021
1162,South Australia,2021-03-08,620,1.0,3,2021
1163,South Australia,2021-03-09,621,3.0,3,2021
1164,South Australia,2021-03-10,624,2.0,3,2021
1165,South Australia,2021-03-11,626,5.0,3,2021
1166,South Australia,2021-03-12,631,0.0,3,2021
1167,South Australia,2021-03-13,631,3.0,3,2021
1168,South Australia,2021-03-14,634,2.0,3,2021
1169,South Australia,2021-03-15,636,2.0,3,2021
1170,South Australia,2021-03-16,638,2.0,3,2021
1171,South Australia,2021-03-17,640,1.0,3,2021
1172,South Australia,2021-03-18,641,1.0,3,2021
1173,South Australia,2021-03-19,642,0.0,3,2021
1174,South Australia,2021-03-20,642,0.0,3,2021
1175,South Australia,2021-03-21,642,0.0,3,2021
1176,South Australia,2021-03-22,642,2.0,3,2021
1177,South Australia,2021-03-23,644,0.0,3,2021
1178,South Australia,2021-03-24,644,1.0,3,2021
1179,South Australia,2021-03-25,645,3.0,3,2021
1180,South Australia,2021-03-26,648,2.0,3,2021
1181,South Australia,2021-03-27,650,0.0,3,2021
1182,South Australia,2021-03-28,650,5.0,3,2021
1183,South Australia,2021-03-29,655,0.0,3,2021
1184,South Australia,2021-03-30,655,1.0,3,2021
1185,South Australia,2021-03-31,656,2.0,3,2021
1186,South Australia,2021-04-01,658,0.0,4,2021
1187,South Australia,2021-04-02,658,1.0,4,2021
1188,South Australia,2021-04-03,659,2.0,4,2021
1189,South Australia,2021-04-04,661,0.0,4,2021
1190,South Australia,2021-04-05,661,1.0,4,2021
1191,South Australia,2021-04-06,662,1.0,4,2021
1192,South Australia,2021-04-07,663,2.0,4,2021
1193,South Australia,2021-04-08,665,0.0,4,2021
1194,South Australia,2021-04-09,665,1.0,4,2021
1195,South Australia,2021-04-10,666,0.0,4,2021
1196,South Australia,2021-04-11,666,0.0,4,2021
1197,South Australia,2021-04-12,666,9.0,4,2021
1198,South Australia,2021-04-13,675,2.0,4,2021
1199,South Australia,2021-04-14,677,1.0,4,2021
1200,South Australia,2021-04-15,678,4.0,4,2021
1201,South Australia,2021-04-16,682,0.0,4,2021
1202,South Australia,2021-04-17,682,0.0,4,2021
1203,South Australia,2021-04-18,682,6.0,4,2021
1204,South Australia,2021-04-19,688,3.0,4,2021
1205,South Australia,2021-04-20,691,2.0,4,2021
